--
-- PostgreSQL database dump
--

\restrict StBKcksXTuGmxcK5cxMbeyakdlLChAPOc98P2cjCI9jX7VYEBPYUhgIyISm4P3w

-- Dumped from database version 15.14
-- Dumped by pg_dump version 15.14

SET statement_timeout = 0;
SET lock_timeout = 0;
SET idle_in_transaction_session_timeout = 0;
SET client_encoding = 'UTF8';
SET standard_conforming_strings = on;
SELECT pg_catalog.set_config('search_path', '', false);
SET check_function_bodies = false;
SET xmloption = content;
SET client_min_messages = warning;
SET row_security = off;

SET default_tablespace = '';

SET default_table_access_method = heap;

--
-- Name: accounts_phoneotp; Type: TABLE; Schema: public; Owner: pimarket
--

CREATE TABLE public.accounts_phoneotp (
    id bigint NOT NULL,
    phone_number character varying(17) NOT NULL,
    otp character varying(6) NOT NULL,
    created_at timestamp with time zone NOT NULL,
    expires_at timestamp with time zone NOT NULL,
    attempts integer NOT NULL,
    is_verified boolean NOT NULL
);


ALTER TABLE public.accounts_phoneotp OWNER TO pimarket;

--
-- Name: accounts_phoneotp_id_seq; Type: SEQUENCE; Schema: public; Owner: pimarket
--

ALTER TABLE public.accounts_phoneotp ALTER COLUMN id ADD GENERATED BY DEFAULT AS IDENTITY (
    SEQUENCE NAME public.accounts_phoneotp_id_seq
    START WITH 1
    INCREMENT BY 1
    NO MINVALUE
    NO MAXVALUE
    CACHE 1
);


--
-- Name: accounts_user; Type: TABLE; Schema: public; Owner: pimarket
--

CREATE TABLE public.accounts_user (
    id bigint NOT NULL,
    password character varying(128) NOT NULL,
    last_login timestamp with time zone,
    is_superuser boolean NOT NULL,
    first_name character varying(150) NOT NULL,
    last_name character varying(150) NOT NULL,
    email character varying(254) NOT NULL,
    is_staff boolean NOT NULL,
    is_active boolean NOT NULL,
    date_joined timestamp with time zone NOT NULL,
    phone_number character varying(17) NOT NULL,
    is_phone_verified boolean NOT NULL,
    display_name character varying(100) NOT NULL,
    avatar character varying(100),
    username character varying(150)
);


ALTER TABLE public.accounts_user OWNER TO pimarket;

--
-- Name: accounts_user_groups; Type: TABLE; Schema: public; Owner: pimarket
--

CREATE TABLE public.accounts_user_groups (
    id bigint NOT NULL,
    user_id bigint NOT NULL,
    group_id integer NOT NULL
);


ALTER TABLE public.accounts_user_groups OWNER TO pimarket;

--
-- Name: accounts_user_groups_id_seq; Type: SEQUENCE; Schema: public; Owner: pimarket
--

ALTER TABLE public.accounts_user_groups ALTER COLUMN id ADD GENERATED BY DEFAULT AS IDENTITY (
    SEQUENCE NAME public.accounts_user_groups_id_seq
    START WITH 1
    INCREMENT BY 1
    NO MINVALUE
    NO MAXVALUE
    CACHE 1
);


--
-- Name: accounts_user_id_seq; Type: SEQUENCE; Schema: public; Owner: pimarket
--

ALTER TABLE public.accounts_user ALTER COLUMN id ADD GENERATED BY DEFAULT AS IDENTITY (
    SEQUENCE NAME public.accounts_user_id_seq
    START WITH 1
    INCREMENT BY 1
    NO MINVALUE
    NO MAXVALUE
    CACHE 1
);


--
-- Name: accounts_user_user_permissions; Type: TABLE; Schema: public; Owner: pimarket
--

CREATE TABLE public.accounts_user_user_permissions (
    id bigint NOT NULL,
    user_id bigint NOT NULL,
    permission_id integer NOT NULL
);


ALTER TABLE public.accounts_user_user_permissions OWNER TO pimarket;

--
-- Name: accounts_user_user_permissions_id_seq; Type: SEQUENCE; Schema: public; Owner: pimarket
--

ALTER TABLE public.accounts_user_user_permissions ALTER COLUMN id ADD GENERATED BY DEFAULT AS IDENTITY (
    SEQUENCE NAME public.accounts_user_user_permissions_id_seq
    START WITH 1
    INCREMENT BY 1
    NO MINVALUE
    NO MAXVALUE
    CACHE 1
);


--
-- Name: accounts_userlocation; Type: TABLE; Schema: public; Owner: pimarket
--

CREATE TABLE public.accounts_userlocation (
    id bigint NOT NULL,
    latitude numeric(9,6) NOT NULL,
    longitude numeric(9,6) NOT NULL,
    city character varying(100) NOT NULL,
    country character varying(100) NOT NULL,
    updated_at timestamp with time zone NOT NULL,
    is_current boolean NOT NULL,
    user_id bigint NOT NULL
);


ALTER TABLE public.accounts_userlocation OWNER TO pimarket;

--
-- Name: accounts_userlocation_id_seq; Type: SEQUENCE; Schema: public; Owner: pimarket
--

ALTER TABLE public.accounts_userlocation ALTER COLUMN id ADD GENERATED BY DEFAULT AS IDENTITY (
    SEQUENCE NAME public.accounts_userlocation_id_seq
    START WITH 1
    INCREMENT BY 1
    NO MINVALUE
    NO MAXVALUE
    CACHE 1
);


--
-- Name: auth_group; Type: TABLE; Schema: public; Owner: pimarket
--

CREATE TABLE public.auth_group (
    id integer NOT NULL,
    name character varying(150) NOT NULL
);


ALTER TABLE public.auth_group OWNER TO pimarket;

--
-- Name: auth_group_id_seq; Type: SEQUENCE; Schema: public; Owner: pimarket
--

ALTER TABLE public.auth_group ALTER COLUMN id ADD GENERATED BY DEFAULT AS IDENTITY (
    SEQUENCE NAME public.auth_group_id_seq
    START WITH 1
    INCREMENT BY 1
    NO MINVALUE
    NO MAXVALUE
    CACHE 1
);


--
-- Name: auth_group_permissions; Type: TABLE; Schema: public; Owner: pimarket
--

CREATE TABLE public.auth_group_permissions (
    id bigint NOT NULL,
    group_id integer NOT NULL,
    permission_id integer NOT NULL
);


ALTER TABLE public.auth_group_permissions OWNER TO pimarket;

--
-- Name: auth_group_permissions_id_seq; Type: SEQUENCE; Schema: public; Owner: pimarket
--

ALTER TABLE public.auth_group_permissions ALTER COLUMN id ADD GENERATED BY DEFAULT AS IDENTITY (
    SEQUENCE NAME public.auth_group_permissions_id_seq
    START WITH 1
    INCREMENT BY 1
    NO MINVALUE
    NO MAXVALUE
    CACHE 1
);


--
-- Name: auth_permission; Type: TABLE; Schema: public; Owner: pimarket
--

CREATE TABLE public.auth_permission (
    id integer NOT NULL,
    name character varying(255) NOT NULL,
    content_type_id integer NOT NULL,
    codename character varying(100) NOT NULL
);


ALTER TABLE public.auth_permission OWNER TO pimarket;

--
-- Name: auth_permission_id_seq; Type: SEQUENCE; Schema: public; Owner: pimarket
--

ALTER TABLE public.auth_permission ALTER COLUMN id ADD GENERATED BY DEFAULT AS IDENTITY (
    SEQUENCE NAME public.auth_permission_id_seq
    START WITH 1
    INCREMENT BY 1
    NO MINVALUE
    NO MAXVALUE
    CACHE 1
);


--
-- Name: django_admin_log; Type: TABLE; Schema: public; Owner: pimarket
--

CREATE TABLE public.django_admin_log (
    id integer NOT NULL,
    action_time timestamp with time zone NOT NULL,
    object_id text,
    object_repr character varying(200) NOT NULL,
    action_flag smallint NOT NULL,
    change_message text NOT NULL,
    content_type_id integer,
    user_id bigint NOT NULL,
    CONSTRAINT django_admin_log_action_flag_check CHECK ((action_flag >= 0))
);


ALTER TABLE public.django_admin_log OWNER TO pimarket;

--
-- Name: django_admin_log_id_seq; Type: SEQUENCE; Schema: public; Owner: pimarket
--

ALTER TABLE public.django_admin_log ALTER COLUMN id ADD GENERATED BY DEFAULT AS IDENTITY (
    SEQUENCE NAME public.django_admin_log_id_seq
    START WITH 1
    INCREMENT BY 1
    NO MINVALUE
    NO MAXVALUE
    CACHE 1
);


--
-- Name: django_content_type; Type: TABLE; Schema: public; Owner: pimarket
--

CREATE TABLE public.django_content_type (
    id integer NOT NULL,
    app_label character varying(100) NOT NULL,
    model character varying(100) NOT NULL
);


ALTER TABLE public.django_content_type OWNER TO pimarket;

--
-- Name: django_content_type_id_seq; Type: SEQUENCE; Schema: public; Owner: pimarket
--

ALTER TABLE public.django_content_type ALTER COLUMN id ADD GENERATED BY DEFAULT AS IDENTITY (
    SEQUENCE NAME public.django_content_type_id_seq
    START WITH 1
    INCREMENT BY 1
    NO MINVALUE
    NO MAXVALUE
    CACHE 1
);


--
-- Name: django_migrations; Type: TABLE; Schema: public; Owner: pimarket
--

CREATE TABLE public.django_migrations (
    id bigint NOT NULL,
    app character varying(255) NOT NULL,
    name character varying(255) NOT NULL,
    applied timestamp with time zone NOT NULL
);


ALTER TABLE public.django_migrations OWNER TO pimarket;

--
-- Name: django_migrations_id_seq; Type: SEQUENCE; Schema: public; Owner: pimarket
--

ALTER TABLE public.django_migrations ALTER COLUMN id ADD GENERATED BY DEFAULT AS IDENTITY (
    SEQUENCE NAME public.django_migrations_id_seq
    START WITH 1
    INCREMENT BY 1
    NO MINVALUE
    NO MAXVALUE
    CACHE 1
);


--
-- Name: django_session; Type: TABLE; Schema: public; Owner: pimarket
--

CREATE TABLE public.django_session (
    session_key character varying(40) NOT NULL,
    session_data text NOT NULL,
    expire_date timestamp with time zone NOT NULL
);


ALTER TABLE public.django_session OWNER TO pimarket;

--
-- Name: messaging_conversation; Type: TABLE; Schema: public; Owner: pimarket
--

CREATE TABLE public.messaging_conversation (
    id bigint NOT NULL,
    created_at timestamp with time zone NOT NULL,
    updated_at timestamp with time zone NOT NULL,
    product_id bigint
);


ALTER TABLE public.messaging_conversation OWNER TO pimarket;

--
-- Name: messaging_conversation_id_seq; Type: SEQUENCE; Schema: public; Owner: pimarket
--

ALTER TABLE public.messaging_conversation ALTER COLUMN id ADD GENERATED BY DEFAULT AS IDENTITY (
    SEQUENCE NAME public.messaging_conversation_id_seq
    START WITH 1
    INCREMENT BY 1
    NO MINVALUE
    NO MAXVALUE
    CACHE 1
);


--
-- Name: messaging_conversation_participants; Type: TABLE; Schema: public; Owner: pimarket
--

CREATE TABLE public.messaging_conversation_participants (
    id bigint NOT NULL,
    conversation_id bigint NOT NULL,
    user_id bigint NOT NULL
);


ALTER TABLE public.messaging_conversation_participants OWNER TO pimarket;

--
-- Name: messaging_conversation_participants_id_seq; Type: SEQUENCE; Schema: public; Owner: pimarket
--

ALTER TABLE public.messaging_conversation_participants ALTER COLUMN id ADD GENERATED BY DEFAULT AS IDENTITY (
    SEQUENCE NAME public.messaging_conversation_participants_id_seq
    START WITH 1
    INCREMENT BY 1
    NO MINVALUE
    NO MAXVALUE
    CACHE 1
);


--
-- Name: messaging_message; Type: TABLE; Schema: public; Owner: pimarket
--

CREATE TABLE public.messaging_message (
    id bigint NOT NULL,
    content text NOT NULL,
    is_read boolean NOT NULL,
    created_at timestamp with time zone NOT NULL,
    attachment character varying(100),
    conversation_id bigint NOT NULL,
    sender_id bigint NOT NULL
);


ALTER TABLE public.messaging_message OWNER TO pimarket;

--
-- Name: messaging_message_id_seq; Type: SEQUENCE; Schema: public; Owner: pimarket
--

ALTER TABLE public.messaging_message ALTER COLUMN id ADD GENERATED BY DEFAULT AS IDENTITY (
    SEQUENCE NAME public.messaging_message_id_seq
    START WITH 1
    INCREMENT BY 1
    NO MINVALUE
    NO MAXVALUE
    CACHE 1
);


--
-- Name: messaging_messagereadstatus; Type: TABLE; Schema: public; Owner: pimarket
--

CREATE TABLE public.messaging_messagereadstatus (
    id bigint NOT NULL,
    read_at timestamp with time zone NOT NULL,
    message_id bigint NOT NULL,
    user_id bigint NOT NULL
);


ALTER TABLE public.messaging_messagereadstatus OWNER TO pimarket;

--
-- Name: messaging_messagereadstatus_id_seq; Type: SEQUENCE; Schema: public; Owner: pimarket
--

ALTER TABLE public.messaging_messagereadstatus ALTER COLUMN id ADD GENERATED BY DEFAULT AS IDENTITY (
    SEQUENCE NAME public.messaging_messagereadstatus_id_seq
    START WITH 1
    INCREMENT BY 1
    NO MINVALUE
    NO MAXVALUE
    CACHE 1
);


--
-- Name: payments_escrowtransaction; Type: TABLE; Schema: public; Owner: pimarket
--

CREATE TABLE public.payments_escrowtransaction (
    id bigint NOT NULL,
    status character varying(20) NOT NULL,
    held_at timestamp with time zone NOT NULL,
    released_at timestamp with time zone,
    auto_release_date timestamp with time zone,
    notes text NOT NULL,
    payment_id bigint NOT NULL
);


ALTER TABLE public.payments_escrowtransaction OWNER TO pimarket;

--
-- Name: payments_escrowtransaction_id_seq; Type: SEQUENCE; Schema: public; Owner: pimarket
--

ALTER TABLE public.payments_escrowtransaction ALTER COLUMN id ADD GENERATED BY DEFAULT AS IDENTITY (
    SEQUENCE NAME public.payments_escrowtransaction_id_seq
    START WITH 1
    INCREMENT BY 1
    NO MINVALUE
    NO MAXVALUE
    CACHE 1
);


--
-- Name: payments_payment; Type: TABLE; Schema: public; Owner: pimarket
--

CREATE TABLE public.payments_payment (
    id bigint NOT NULL,
    provider character varying(20) NOT NULL,
    provider_payment_id character varying(200) NOT NULL,
    amount_fiat numeric(10,2) NOT NULL,
    amount_pi numeric(10,2) NOT NULL,
    currency character varying(10) NOT NULL,
    status character varying(20) NOT NULL,
    metadata jsonb NOT NULL,
    created_at timestamp with time zone NOT NULL,
    updated_at timestamp with time zone NOT NULL,
    succeeded_at timestamp with time zone,
    order_id bigint NOT NULL
);


ALTER TABLE public.payments_payment OWNER TO pimarket;

--
-- Name: payments_payment_id_seq; Type: SEQUENCE; Schema: public; Owner: pimarket
--

ALTER TABLE public.payments_payment ALTER COLUMN id ADD GENERATED BY DEFAULT AS IDENTITY (
    SEQUENCE NAME public.payments_payment_id_seq
    START WITH 1
    INCREMENT BY 1
    NO MINVALUE
    NO MAXVALUE
    CACHE 1
);


--
-- Name: shops_delivery; Type: TABLE; Schema: public; Owner: pimarket
--

CREATE TABLE public.shops_delivery (
    id bigint NOT NULL,
    tracking_number character varying(100) NOT NULL,
    carrier character varying(100) NOT NULL,
    status character varying(20) NOT NULL,
    shipping_address text NOT NULL,
    shipping_latitude numeric(9,6),
    shipping_longitude numeric(9,6),
    shipped_at timestamp with time zone,
    delivered_at timestamp with time zone,
    notes text NOT NULL,
    order_id bigint NOT NULL
);


ALTER TABLE public.shops_delivery OWNER TO pimarket;

--
-- Name: shops_delivery_id_seq; Type: SEQUENCE; Schema: public; Owner: pimarket
--

ALTER TABLE public.shops_delivery ALTER COLUMN id ADD GENERATED BY DEFAULT AS IDENTITY (
    SEQUENCE NAME public.shops_delivery_id_seq
    START WITH 1
    INCREMENT BY 1
    NO MINVALUE
    NO MAXVALUE
    CACHE 1
);


--
-- Name: shops_dispute; Type: TABLE; Schema: public; Owner: pimarket
--

CREATE TABLE public.shops_dispute (
    id bigint NOT NULL,
    reason text NOT NULL,
    status character varying(20) NOT NULL,
    resolution text NOT NULL,
    created_at timestamp with time zone NOT NULL,
    resolved_at timestamp with time zone,
    order_id bigint NOT NULL,
    raised_by_id bigint NOT NULL
);


ALTER TABLE public.shops_dispute OWNER TO pimarket;

--
-- Name: shops_dispute_id_seq; Type: SEQUENCE; Schema: public; Owner: pimarket
--

ALTER TABLE public.shops_dispute ALTER COLUMN id ADD GENERATED BY DEFAULT AS IDENTITY (
    SEQUENCE NAME public.shops_dispute_id_seq
    START WITH 1
    INCREMENT BY 1
    NO MINVALUE
    NO MAXVALUE
    CACHE 1
);


--
-- Name: shops_disputemessage; Type: TABLE; Schema: public; Owner: pimarket
--

CREATE TABLE public.shops_disputemessage (
    id bigint NOT NULL,
    message text NOT NULL,
    created_at timestamp with time zone NOT NULL,
    dispute_id bigint NOT NULL,
    sender_id bigint NOT NULL
);


ALTER TABLE public.shops_disputemessage OWNER TO pimarket;

--
-- Name: shops_disputemessage_id_seq; Type: SEQUENCE; Schema: public; Owner: pimarket
--

ALTER TABLE public.shops_disputemessage ALTER COLUMN id ADD GENERATED BY DEFAULT AS IDENTITY (
    SEQUENCE NAME public.shops_disputemessage_id_seq
    START WITH 1
    INCREMENT BY 1
    NO MINVALUE
    NO MAXVALUE
    CACHE 1
);


--
-- Name: shops_order; Type: TABLE; Schema: public; Owner: pimarket
--

CREATE TABLE public.shops_order (
    id bigint NOT NULL,
    order_number character varying(50) NOT NULL,
    total_fiat numeric(10,2) NOT NULL,
    total_pi numeric(10,2) NOT NULL,
    currency character varying(10) NOT NULL,
    status character varying(20) NOT NULL,
    shipping_address text NOT NULL,
    shipping_latitude numeric(9,6),
    shipping_longitude numeric(9,6),
    notes text NOT NULL,
    created_at timestamp with time zone NOT NULL,
    updated_at timestamp with time zone NOT NULL,
    paid_at timestamp with time zone,
    shipped_at timestamp with time zone,
    delivered_at timestamp with time zone,
    buyer_id bigint NOT NULL,
    shop_id bigint NOT NULL
);


ALTER TABLE public.shops_order OWNER TO pimarket;

--
-- Name: shops_order_id_seq; Type: SEQUENCE; Schema: public; Owner: pimarket
--

ALTER TABLE public.shops_order ALTER COLUMN id ADD GENERATED BY DEFAULT AS IDENTITY (
    SEQUENCE NAME public.shops_order_id_seq
    START WITH 1
    INCREMENT BY 1
    NO MINVALUE
    NO MAXVALUE
    CACHE 1
);


--
-- Name: shops_orderitem; Type: TABLE; Schema: public; Owner: pimarket
--

CREATE TABLE public.shops_orderitem (
    id bigint NOT NULL,
    quantity integer NOT NULL,
    unit_price_fiat numeric(10,2) NOT NULL,
    unit_price_pi numeric(10,2) NOT NULL,
    subtotal_fiat numeric(10,2) NOT NULL,
    subtotal_pi numeric(10,2) NOT NULL,
    order_id bigint NOT NULL,
    product_id bigint NOT NULL
);


ALTER TABLE public.shops_orderitem OWNER TO pimarket;

--
-- Name: shops_orderitem_id_seq; Type: SEQUENCE; Schema: public; Owner: pimarket
--

ALTER TABLE public.shops_orderitem ALTER COLUMN id ADD GENERATED BY DEFAULT AS IDENTITY (
    SEQUENCE NAME public.shops_orderitem_id_seq
    START WITH 1
    INCREMENT BY 1
    NO MINVALUE
    NO MAXVALUE
    CACHE 1
);


--
-- Name: shops_product; Type: TABLE; Schema: public; Owner: pimarket
--

CREATE TABLE public.shops_product (
    id bigint NOT NULL,
    title character varying(200) NOT NULL,
    description text NOT NULL,
    price_fiat numeric(10,2) NOT NULL,
    price_pi numeric(10,2) NOT NULL,
    is_digital boolean NOT NULL,
    digital_file_url character varying(200) NOT NULL,
    stock integer NOT NULL,
    image character varying(100),
    is_active boolean NOT NULL,
    created_at timestamp with time zone NOT NULL,
    updated_at timestamp with time zone NOT NULL,
    category_id bigint,
    shop_id bigint NOT NULL
);


ALTER TABLE public.shops_product OWNER TO pimarket;

--
-- Name: shops_product_id_seq; Type: SEQUENCE; Schema: public; Owner: pimarket
--

ALTER TABLE public.shops_product ALTER COLUMN id ADD GENERATED BY DEFAULT AS IDENTITY (
    SEQUENCE NAME public.shops_product_id_seq
    START WITH 1
    INCREMENT BY 1
    NO MINVALUE
    NO MAXVALUE
    CACHE 1
);


--
-- Name: shops_productcategory; Type: TABLE; Schema: public; Owner: pimarket
--

CREATE TABLE public.shops_productcategory (
    id bigint NOT NULL,
    name character varying(100) NOT NULL,
    slug character varying(50) NOT NULL,
    description text NOT NULL
);


ALTER TABLE public.shops_productcategory OWNER TO pimarket;

--
-- Name: shops_productcategory_id_seq; Type: SEQUENCE; Schema: public; Owner: pimarket
--

ALTER TABLE public.shops_productcategory ALTER COLUMN id ADD GENERATED BY DEFAULT AS IDENTITY (
    SEQUENCE NAME public.shops_productcategory_id_seq
    START WITH 1
    INCREMENT BY 1
    NO MINVALUE
    NO MAXVALUE
    CACHE 1
);


--
-- Name: shops_shop; Type: TABLE; Schema: public; Owner: pimarket
--

CREATE TABLE public.shops_shop (
    id bigint NOT NULL,
    name character varying(200) NOT NULL,
    description text NOT NULL,
    address_text text NOT NULL,
    latitude numeric(9,6) NOT NULL,
    longitude numeric(9,6) NOT NULL,
    verified boolean NOT NULL,
    created_at timestamp with time zone NOT NULL,
    updated_at timestamp with time zone NOT NULL,
    owner_id bigint NOT NULL
);


ALTER TABLE public.shops_shop OWNER TO pimarket;

--
-- Name: shops_shop_id_seq; Type: SEQUENCE; Schema: public; Owner: pimarket
--

ALTER TABLE public.shops_shop ALTER COLUMN id ADD GENERATED BY DEFAULT AS IDENTITY (
    SEQUENCE NAME public.shops_shop_id_seq
    START WITH 1
    INCREMENT BY 1
    NO MINVALUE
    NO MAXVALUE
    CACHE 1
);


--
-- Data for Name: accounts_phoneotp; Type: TABLE DATA; Schema: public; Owner: pimarket
--

COPY public.accounts_phoneotp (id, phone_number, otp, created_at, expires_at, attempts, is_verified) FROM stdin;
1	+237671362051	255599	2025-10-12 22:41:49.287614+00	2025-10-12 22:51:49.286762+00	0	f
2	+237671362051	090285	2025-10-12 22:42:23.395015+00	2025-10-12 22:52:23.394141+00	0	f
3	+12183074503	432898	2025-10-12 22:43:42.18304+00	2025-10-12 22:53:42.182035+00	0	f
4	+15675871235	025099	2025-10-12 23:18:23.605088+00	2025-10-12 23:28:23.604278+00	0	f
5	+237623938493	318344	2025-10-12 23:31:57.508256+00	2025-10-12 23:41:57.506981+00	0	f
\.


--
-- Data for Name: accounts_user; Type: TABLE DATA; Schema: public; Owner: pimarket
--

COPY public.accounts_user (id, password, last_login, is_superuser, first_name, last_name, email, is_staff, is_active, date_joined, phone_number, is_phone_verified, display_name, avatar, username) FROM stdin;
2		\N	f				f	t	2025-10-12 22:41:49.22104+00	+237671362051	f	azerty		\N
3		\N	f				f	t	2025-10-12 22:43:42.172008+00	+12183074503	f	Chef		\N
4		\N	f				f	t	2025-10-12 23:18:23.59639+00	+15675871235	f	Boss		\N
5		\N	f				f	t	2025-10-12 23:31:57.494642+00	+237623938493	f	Asd		\N
6		\N	f				f	t	2025-10-12 23:37:37.200257+00	+1234567890	t	hqs		\N
7		\N	f				f	t	2025-10-13 00:02:08.561059+00	+123546373837	t	dhfj		\N
8		\N	f				f	t	2025-10-13 15:38:24.63414+00	+237693262107	t	Maman		\N
9		\N	f				f	t	2025-10-13 15:41:52.472161+00	+5638399393	t	gsks		\N
10		\N	f				f	t	2025-10-13 20:11:27.590709+00	+699516340	t	Abdourahim		\N
11		\N	f				f	t	2025-10-14 15:55:44.108786+00	+237699516340	t	Abdosrad		\N
1	pbkdf2_sha256$600000$zva4TYbwrZ2Wf8pNOzqzK8$bok914HQPPXyuz3i/1MV5XhLobOPEsmbI75l7ioLLNU=	2025-10-14 16:10:45.358517+00	t				t	t	2025-10-12 22:41:34.947208+00	+9999999999	f	Admin		\N
\.


--
-- Data for Name: accounts_user_groups; Type: TABLE DATA; Schema: public; Owner: pimarket
--

COPY public.accounts_user_groups (id, user_id, group_id) FROM stdin;
\.


--
-- Data for Name: accounts_user_user_permissions; Type: TABLE DATA; Schema: public; Owner: pimarket
--

COPY public.accounts_user_user_permissions (id, user_id, permission_id) FROM stdin;
\.


--
-- Data for Name: accounts_userlocation; Type: TABLE DATA; Schema: public; Owner: pimarket
--

COPY public.accounts_userlocation (id, latitude, longitude, city, country, updated_at, is_current, user_id) FROM stdin;
\.


--
-- Data for Name: auth_group; Type: TABLE DATA; Schema: public; Owner: pimarket
--

COPY public.auth_group (id, name) FROM stdin;
\.


--
-- Data for Name: auth_group_permissions; Type: TABLE DATA; Schema: public; Owner: pimarket
--

COPY public.auth_group_permissions (id, group_id, permission_id) FROM stdin;
\.


--
-- Data for Name: auth_permission; Type: TABLE DATA; Schema: public; Owner: pimarket
--

COPY public.auth_permission (id, name, content_type_id, codename) FROM stdin;
1	Can add log entry	1	add_logentry
2	Can change log entry	1	change_logentry
3	Can delete log entry	1	delete_logentry
4	Can view log entry	1	view_logentry
5	Can add permission	2	add_permission
6	Can change permission	2	change_permission
7	Can delete permission	2	delete_permission
8	Can view permission	2	view_permission
9	Can add group	3	add_group
10	Can change group	3	change_group
11	Can delete group	3	delete_group
12	Can view group	3	view_group
13	Can add content type	4	add_contenttype
14	Can change content type	4	change_contenttype
15	Can delete content type	4	delete_contenttype
16	Can view content type	4	view_contenttype
17	Can add session	5	add_session
18	Can change session	5	change_session
19	Can delete session	5	delete_session
20	Can view session	5	view_session
21	Can add User	6	add_user
22	Can change User	6	change_user
23	Can delete User	6	delete_user
24	Can view User	6	view_user
25	Can add Phone OTP	7	add_phoneotp
26	Can change Phone OTP	7	change_phoneotp
27	Can delete Phone OTP	7	delete_phoneotp
28	Can view Phone OTP	7	view_phoneotp
29	Can add User Location	8	add_userlocation
30	Can change User Location	8	change_userlocation
31	Can delete User Location	8	delete_userlocation
32	Can view User Location	8	view_userlocation
33	Can add Dispute	9	add_dispute
34	Can change Dispute	9	change_dispute
35	Can delete Dispute	9	delete_dispute
36	Can view Dispute	9	view_dispute
37	Can add Order	10	add_order
38	Can change Order	10	change_order
39	Can delete Order	10	delete_order
40	Can view Order	10	view_order
41	Can add Product Category	11	add_productcategory
42	Can change Product Category	11	change_productcategory
43	Can delete Product Category	11	delete_productcategory
44	Can view Product Category	11	view_productcategory
45	Can add Shop	12	add_shop
46	Can change Shop	12	change_shop
47	Can delete Shop	12	delete_shop
48	Can view Shop	12	view_shop
49	Can add Product	13	add_product
50	Can change Product	13	change_product
51	Can delete Product	13	delete_product
52	Can view Product	13	view_product
53	Can add Order Item	14	add_orderitem
54	Can change Order Item	14	change_orderitem
55	Can delete Order Item	14	delete_orderitem
56	Can view Order Item	14	view_orderitem
57	Can add Dispute Message	15	add_disputemessage
58	Can change Dispute Message	15	change_disputemessage
59	Can delete Dispute Message	15	delete_disputemessage
60	Can view Dispute Message	15	view_disputemessage
61	Can add Delivery	16	add_delivery
62	Can change Delivery	16	change_delivery
63	Can delete Delivery	16	delete_delivery
64	Can view Delivery	16	view_delivery
65	Can add Payment	17	add_payment
66	Can change Payment	17	change_payment
67	Can delete Payment	17	delete_payment
68	Can view Payment	17	view_payment
69	Can add Escrow Transaction	18	add_escrowtransaction
70	Can change Escrow Transaction	18	change_escrowtransaction
71	Can delete Escrow Transaction	18	delete_escrowtransaction
72	Can view Escrow Transaction	18	view_escrowtransaction
73	Can add conversation	19	add_conversation
74	Can change conversation	19	change_conversation
75	Can delete conversation	19	delete_conversation
76	Can view conversation	19	view_conversation
77	Can add message	20	add_message
78	Can change message	20	change_message
79	Can delete message	20	delete_message
80	Can view message	20	view_message
81	Can add message read status	21	add_messagereadstatus
82	Can change message read status	21	change_messagereadstatus
83	Can delete message read status	21	delete_messagereadstatus
84	Can view message read status	21	view_messagereadstatus
\.


--
-- Data for Name: django_admin_log; Type: TABLE DATA; Schema: public; Owner: pimarket
--

COPY public.django_admin_log (id, action_time, object_id, object_repr, action_flag, change_message, content_type_id, user_id) FROM stdin;
1	2025-10-14 13:49:19.110474+00	1	Vêtements	1	[{"added": {}}]	11	1
2	2025-10-14 13:49:30.660482+00	2	Alimentation & Boissons	1	[{"added": {}}]	11	1
3	2025-10-14 13:49:42.082157+00	3	Accessoires	1	[{"added": {}}]	11	1
4	2025-10-14 13:49:53.969722+00	4	Electronique	1	[{"added": {}}]	11	1
5	2025-10-14 13:50:01.935099+00	5	Décoration	1	[{"added": {}}]	11	1
6	2025-10-14 13:50:21.034802+00	6	Livres & Formation	1	[{"added": {}}]	11	1
7	2025-10-14 13:50:38.800529+00	7	Logiciels & Design	1	[{"added": {}}]	11	1
8	2025-10-14 13:50:50.01237+00	8	Services	1	[{"added": {}}]	11	1
9	2025-10-14 13:50:59.182226+00	9	Musique & Audio	1	[{"added": {}}]	11	1
10	2025-10-14 14:55:01.374276+00	16	Pack de 5 Pistes Audio "Focus & Chill" - Chez Abdoul	2	[{"changed": {"fields": ["Is active"]}}]	13	1
11	2025-10-14 14:55:01.412169+00	15	Template de Portfolio moderne (HTML/CSS) - Biblio 2.0	2	[{"changed": {"fields": ["Is active"]}}]	13	1
12	2025-10-14 14:55:01.425213+00	14	Conception de Logo personnalisé - Chez Abdoul	2	[{"changed": {"fields": ["Is active"]}}]	13	1
13	2025-10-14 14:55:01.439773+00	13	PAck de 100 Icônes Tech (SVG & PNG) - Biblio 2.0	2	[{"changed": {"fields": ["Is active"]}}]	13	1
14	2025-10-14 14:55:01.455057+00	12	Ebook: Le Guide Complet Pour Débuter en Cryptomonnaie - Chez Abdoul	2	[{"changed": {"fields": ["Is active"]}}]	13	1
15	2025-10-14 14:55:01.468184+00	11	Poster Artistique "Crypto to the Moon" - Biblio 2.0	2	[{"changed": {"fields": ["Is active"]}}]	13	1
16	2025-10-14 14:55:01.483754+00	10	Lampe de Bureau LED Connectée - Biblio 2.0	2	[{"changed": {"fields": ["Is active"]}}]	13	1
17	2025-10-14 14:55:01.496674+00	9	Portefeuille minimaliste en cuir - Chez Abdoul	2	[{"changed": {"fields": ["Is active"]}}]	13	1
18	2025-10-14 14:55:01.509178+00	8	Café Artisanal du sénégal - Chez Abdoul	2	[{"changed": {"fields": ["Is active"]}}]	13	1
19	2025-10-14 14:55:01.524787+00	7	T-shirt "Pioneer" - Edition Limitée - Chez Abdoul	2	[{"changed": {"fields": ["Is active"]}}]	13	1
20	2025-10-14 14:55:41.2172+00	5	qksqksoqks - aaiiaisiisah	3		13	1
21	2025-10-14 14:55:41.295586+00	4	kdjsdjisjdis - aeiz	3		13	1
22	2025-10-14 14:55:41.305088+00	3	tkhhkhl - aeiz	3		13	1
23	2025-10-14 14:55:41.312618+00	2	u_uuççççuyug - sqsqsq	3		13	1
24	2025-10-14 14:55:41.320577+00	1	Images - sqsqsq	3		13	1
\.


--
-- Data for Name: django_content_type; Type: TABLE DATA; Schema: public; Owner: pimarket
--

COPY public.django_content_type (id, app_label, model) FROM stdin;
1	admin	logentry
2	auth	permission
3	auth	group
4	contenttypes	contenttype
5	sessions	session
6	accounts	user
7	accounts	phoneotp
8	accounts	userlocation
9	shops	dispute
10	shops	order
11	shops	productcategory
12	shops	shop
13	shops	product
14	shops	orderitem
15	shops	disputemessage
16	shops	delivery
17	payments	payment
18	payments	escrowtransaction
19	messaging	conversation
20	messaging	message
21	messaging	messagereadstatus
\.


--
-- Data for Name: django_migrations; Type: TABLE DATA; Schema: public; Owner: pimarket
--

COPY public.django_migrations (id, app, name, applied) FROM stdin;
1	contenttypes	0001_initial	2025-10-12 22:36:35.129264+00
2	contenttypes	0002_remove_content_type_name	2025-10-12 22:36:35.194928+00
3	auth	0001_initial	2025-10-12 22:36:35.466148+00
4	auth	0002_alter_permission_name_max_length	2025-10-12 22:36:35.543113+00
5	auth	0003_alter_user_email_max_length	2025-10-12 22:36:35.627851+00
6	auth	0004_alter_user_username_opts	2025-10-12 22:36:35.68201+00
7	auth	0005_alter_user_last_login_null	2025-10-12 22:36:35.764505+00
8	auth	0006_require_contenttypes_0002	2025-10-12 22:36:35.782537+00
9	auth	0007_alter_validators_add_error_messages	2025-10-12 22:36:35.84028+00
10	auth	0008_alter_user_username_max_length	2025-10-12 22:36:35.895328+00
11	auth	0009_alter_user_last_name_max_length	2025-10-12 22:36:35.951247+00
12	auth	0010_alter_group_name_max_length	2025-10-12 22:36:36.018232+00
13	auth	0011_update_proxy_permissions	2025-10-12 22:36:36.093398+00
14	auth	0012_alter_user_first_name_max_length	2025-10-12 22:36:36.19109+00
15	accounts	0001_initial	2025-10-12 22:36:36.557198+00
16	admin	0001_initial	2025-10-12 22:36:36.908506+00
17	admin	0002_logentry_remove_auto_add	2025-10-12 22:36:37.034471+00
18	admin	0003_logentry_add_action_flag_choices	2025-10-12 22:36:37.161705+00
19	admin	0003_logentry_add_action_flag_choices	2025-10-12 22:36:37.415103+00
20	shops	0001_initial	2025-10-12 22:36:38.4479+00
21	payments	0001_initial	2025-10-12 22:36:39.449289+00
22	sessions	0001_initial	2025-10-12 22:36:39.523224+00
23	accounts	0002_alter_user_managers	2025-10-12 22:40:46.630423+00
24	messaging	0001_initial	2025-10-13 23:02:40.402056+00
\.


--
-- Data for Name: django_session; Type: TABLE DATA; Schema: public; Owner: pimarket
--

COPY public.django_session (session_key, session_data, expire_date) FROM stdin;
yzn8tnrhvisiri4kx2txdjg483vbbidq	.eJxVjEEOwiAURO_C2hCgAr8u3XsG8oFBqqZNSrsy3t026UJ3k3lv5i0Cr0sNa8MchiwuQovTbxc5PTHuID94vE8yTeMyD1Huijxok7cp43U93L-Dyq1ua5tgkvEgzWAiZ9l1nQJ3xmTVG7jC6COK9z0Ibsuq6HguDl6RJSs-X_ZROEw:1v8Pf6:7pRqX1faCEPkyiPcVMi9W7Qg0clNkCa7MAGGRA0d7AI	2025-10-27 21:00:56.852245+00
9mkkqxvl48vbuiyu1tzeb9uyzalf26ov	.eJxVjEEOwiAURO_C2hCgAr8u3XsG8oFBqqZNSrsy3t026UJ3k3lv5i0Cr0sNa8MchiwuQovTbxc5PTHuID94vE8yTeMyD1Huijxok7cp43U93L-Dyq1ua5tgkvEgzWAiZ9l1nQJ3xmTVG7jC6COK9z0Ibsuq6HguDl6RJSs-X_ZROEw:1v8hbp:25YEXUmKSbgdFZ22kUT4cxxv9KjF5UxNbsxqpVjCD38	2025-10-28 16:10:45.362884+00
\.


--
-- Data for Name: messaging_conversation; Type: TABLE DATA; Schema: public; Owner: pimarket
--

COPY public.messaging_conversation (id, created_at, updated_at, product_id) FROM stdin;
1	2025-10-13 23:02:50.819654+00	2025-10-13 23:02:50.819715+00	\N
2	2025-10-13 23:08:24.095331+00	2025-10-13 23:08:24.095365+00	\N
3	2025-10-14 10:49:23.718418+00	2025-10-14 10:49:23.718451+00	\N
\.


--
-- Data for Name: messaging_conversation_participants; Type: TABLE DATA; Schema: public; Owner: pimarket
--

COPY public.messaging_conversation_participants (id, conversation_id, user_id) FROM stdin;
1	1	6
2	1	7
3	2	10
4	2	6
5	3	10
6	3	7
\.


--
-- Data for Name: messaging_message; Type: TABLE DATA; Schema: public; Owner: pimarket
--

COPY public.messaging_message (id, content, is_read, created_at, attachment, conversation_id, sender_id) FROM stdin;
\.


--
-- Data for Name: messaging_messagereadstatus; Type: TABLE DATA; Schema: public; Owner: pimarket
--

COPY public.messaging_messagereadstatus (id, read_at, message_id, user_id) FROM stdin;
\.


--
-- Data for Name: payments_escrowtransaction; Type: TABLE DATA; Schema: public; Owner: pimarket
--

COPY public.payments_escrowtransaction (id, status, held_at, released_at, auto_release_date, notes, payment_id) FROM stdin;
1	released	2025-10-13 21:44:19.360563+00	2025-10-13 21:44:19.595066+00	2025-10-20 21:44:19.353676+00		1
2	held	2025-10-13 22:13:58.811346+00	\N	2025-10-20 22:13:58.808583+00		2
\.


--
-- Data for Name: payments_payment; Type: TABLE DATA; Schema: public; Owner: pimarket
--

COPY public.payments_payment (id, provider, provider_payment_id, amount_fiat, amount_pi, currency, status, metadata, created_at, updated_at, succeeded_at, order_id) FROM stdin;
1	pi	pi_mock_44c5dc773dc64aae	0.00	0.14	pi	succeeded	{"simulated": true, "approval_url": "https://pi.app/approve/pi_mock_44c5dc773dc64aae", "transaction_id": "pi_sim_1"}	2025-10-13 21:23:20.806854+00	2025-10-13 21:44:19.29678+00	2025-10-13 21:44:19.296603+00	1
2	pi	pi_mock_98a38b2c011f4aaf	0.00	0.04	pi	succeeded	{"simulated": true, "approval_url": "https://pi.app/approve/pi_mock_98a38b2c011f4aaf", "transaction_id": "pi_sim_2"}	2025-10-13 22:13:19.6425+00	2025-10-13 22:13:58.806642+00	2025-10-13 22:13:58.806482+00	2
4	pi	pi_mock_fecf92b0326247a8	0.00	0.33	pi	pending	{"approval_url": "https://pi.app/approve/pi_mock_fecf92b0326247a8"}	2025-10-14 16:01:29.851718+00	2025-10-14 16:01:29.851775+00	\N	4
5	pi	pi_mock_d4bc298c334d492a	0.00	0.60	pi	pending	{"approval_url": "https://pi.app/approve/pi_mock_d4bc298c334d492a"}	2025-10-14 20:09:10.180087+00	2025-10-14 20:09:10.180163+00	\N	5
\.


--
-- Data for Name: shops_delivery; Type: TABLE DATA; Schema: public; Owner: pimarket
--

COPY public.shops_delivery (id, tracking_number, carrier, status, shipping_address, shipping_latitude, shipping_longitude, shipped_at, delivered_at, notes, order_id) FROM stdin;
1	+671362058	2366788	in_transit	toujours	3.869901	11.531059	2025-10-13 22:18:45.269939+00	\N		2
2			pending	Yaoundé	3.869901	11.531059	\N	\N		5
\.


--
-- Data for Name: shops_dispute; Type: TABLE DATA; Schema: public; Owner: pimarket
--

COPY public.shops_dispute (id, reason, status, resolution, created_at, resolved_at, order_id, raised_by_id) FROM stdin;
\.


--
-- Data for Name: shops_disputemessage; Type: TABLE DATA; Schema: public; Owner: pimarket
--

COPY public.shops_disputemessage (id, message, created_at, dispute_id, sender_id) FROM stdin;
\.


--
-- Data for Name: shops_order; Type: TABLE DATA; Schema: public; Owner: pimarket
--

COPY public.shops_order (id, order_number, total_fiat, total_pi, currency, status, shipping_address, shipping_latitude, shipping_longitude, notes, created_at, updated_at, paid_at, shipped_at, delivered_at, buyer_id, shop_id) FROM stdin;
1	ORD-4E3F9A2E3DFD	0.08	0.14	pi	released	Total Ngousso	3.869901	11.531059	Je serai en  costume à côté d'une moto. Quand vous serez arrivés, appelez-moi et je léverai un bras	2025-10-13 21:23:20.719359+00	2025-10-13 21:44:19.600545+00	2025-10-13 21:44:19.365383+00	\N	\N	10	21
2	ORD-4AF5E4A8A871	0.10	0.04	pi	shipped	toujours	3.869901	11.531059		2025-10-13 22:13:19.571549+00	2025-10-13 22:18:45.2087+00	2025-10-13 22:13:58.812905+00	2025-10-13 22:18:45.208509+00	\N	10	20
3	ORD-6FF95A3E6E68	9.99	0.33	fiat	pending_payment	Yaoundé	3.869901	11.531059		2025-10-14 16:01:22.213823+00	2025-10-14 16:01:22.245187+00	\N	\N	\N	11	22
4	ORD-2DE5AB5EF443	9.99	0.33	pi	pending_payment	Yaoundé	3.869901	11.531059		2025-10-14 16:01:29.468512+00	2025-10-14 16:01:29.487376+00	\N	\N	\N	11	22
5	ORD-A57A484F0D1F	18.00	0.60	pi	pending_payment	Yaoundé	3.869901	11.531059	Près de l'hôpital	2025-10-14 20:09:09.844543+00	2025-10-14 20:09:09.962602+00	\N	\N	\N	11	21
\.


--
-- Data for Name: shops_orderitem; Type: TABLE DATA; Schema: public; Owner: pimarket
--

COPY public.shops_orderitem (id, quantity, unit_price_fiat, unit_price_pi, subtotal_fiat, subtotal_pi, order_id, product_id) FROM stdin;
3	1	9.99	0.33	9.99	0.33	3	12
4	1	9.99	0.33	9.99	0.33	4	12
5	1	18.00	0.60	18.00	0.60	5	11
\.


--
-- Data for Name: shops_product; Type: TABLE DATA; Schema: public; Owner: pimarket
--

COPY public.shops_product (id, title, description, price_fiat, price_pi, is_digital, digital_file_url, stock, image, is_active, created_at, updated_at, category_id, shop_id) FROM stdin;
10	Lampe de Bureau LED Connectée	Lampe de bureau moderne avec contrôle de la luminosité et de la température de couleur. Recharge sans fl pour téléphone intégrée.	55.00	1.80	f		36	products/196626c20034c714281c92ca65b0324c.jpg	t	2025-10-14 14:25:14.027002+00	2025-10-14 14:55:01.471778+00	\N	21
9	Portefeuille minimaliste en cuir	Un portefeuille élégant et durable, fabriqué à la main avec du cuir véritable. Parfait pour un usage quotidien.	40.00	1.30	f		20	products/c632be8014a399ecc744247de3094090.jpg	t	2025-10-14 14:22:14.394173+00	2025-10-14 14:55:01.486701+00	\N	22
16	Pack de 5 Pistes Audio "Focus & Chill"	Cinq morceaux de musique électronique d'ambiance, parfaits pour vos vidéos YouTube, podcasts et comme fond sonore. Fichiers MP3 de haute qualité.	22.00	0.75	t		36	products/e45ab7903874340bad98a61440c58f58_f1VsAsx.jpg	t	2025-10-14 14:45:34.989529+00	2025-10-14 14:55:01.352517+00	\N	22
15	Template de Portfolio moderne (HTML/CSS)	Un template de site web responsive et facile à personnaliser pour présenter vos projets. Fichiers HTML, CSS et JS inclus.	20.00	0.65	t		20	products/e4a00b0e2c5238f3cf831692dd935712.jpg	t	2025-10-14 14:43:28.939631+00	2025-10-14 14:55:01.401679+00	\N	21
14	Conception de Logo personnalisé	Service de création de logo personnalisé pour votre projet ou votre boutique. Vous recevez trois propositions initiales et deux révisions. Livraison de fichiers source.	150.00	5.00	t		31	products/c1f1fdefc939c6fb88524a584908d708.jpg	t	2025-10-14 14:41:05.183172+00	2025-10-14 14:55:01.415969+00	\N	22
13	PAck de 100 Icônes Tech (SVG & PNG)	Une collection d'icônes vectorielles modernes pour vos projets web et mobile. Téléchargement instantané.	12.00	0.40	f		10	products/c25815892655e213b105ed32d69ebee9.jpg	t	2025-10-14 14:38:52.403787+00	2025-10-14 14:55:01.429226+00	\N	21
12	Ebook: Le Guide Complet Pour Débuter en Cryptomonnaie	Un guide de 50 pages au format PDF pour comprendre les bases de la blockchain, du Bitcoin et de l'écosystème Pi.	9.99	0.33	t		12	products/400696bf13b4cea5dca3aff87c52813c.jpg	t	2025-10-14 14:36:59.733025+00	2025-10-14 14:55:01.443805+00	\N	22
8	Café Artisanal du sénégal	Grains de café Arrabica d'origine unique, torréfiés artisanalement. Découvrez des notes de chocolat et d'agrumes.	15.00	0.50	f		500	products/7f34b56a44adc973760f77431e28e958.jpg	t	2025-10-14 14:20:10.585863+00	2025-10-14 14:55:01.499477+00	\N	22
7	T-shirt "Pioneer" - Edition Limitée	Affichez votre soutien au réseau Pi avec ces T-shirt en coton de haute qualité. Design exclusif pour les pionniers.	25.00	0.80	f		200	products/6228a071673832b504d310c2c75d59a1.jpg	t	2025-10-14 14:18:09.100655+00	2025-10-14 14:55:01.514388+00	\N	22
17	Café	Venez découvrir les saveurs de notre café	10.00	0.01	f		45	products/7f34b56a44adc973760f77431e28e958_1eoWBOZ.jpg	f	2025-10-14 20:06:40.32576+00	2025-10-14 20:06:40.325839+00	2	23
11	Poster Artistique "Crypto to the Moon"	Une affiche de haute qualité (format A3) pour décorer votre espace de travail et vous motiver. Cadre non inclus	18.00	0.60	f		10	products/a3fab5be96b22adcadf177e72b96613b.jpg	t	2025-10-14 14:30:20.452266+00	2025-10-14 20:09:09.917824+00	\N	21
\.


--
-- Data for Name: shops_productcategory; Type: TABLE DATA; Schema: public; Owner: pimarket
--

COPY public.shops_productcategory (id, name, slug, description) FROM stdin;
1	Vêtements	vetements	
2	Alimentation & Boissons	alimentation-boissons	
3	Accessoires	accessoires	
4	Electronique	electronique	
5	Décoration	decoration	
6	Livres & Formation	livres-formation	
7	Logiciels & Design	logiciels-design	
8	Services	services	
9	Musique & Audio	musique-audio	
\.


--
-- Data for Name: shops_shop; Type: TABLE DATA; Schema: public; Owner: pimarket
--

COPY public.shops_shop (id, name, description, address_text, latitude, longitude, verified, created_at, updated_at, owner_id) FROM stdin;
1	Bing tour	Vente des produits touristiques d'origine camerounaise	Rue Ngousso	3.860070	11.514675	f	2025-10-13 00:23:31.996571+00	2025-10-13 00:23:31.996707+00	6
2	hjk	uiuooioikokko	ookokok	3.860070	11.514675	f	2025-10-13 00:26:55.264581+00	2025-10-13 00:26:55.264658+00	6
3	jiijijji	rdrfyfuuu	uhhojojij	3.860070	11.514675	f	2025-10-13 00:27:28.96202+00	2025-10-13 00:27:28.96208+00	6
4	htrdtf	drtytfujvjvyi	furyuuih	3.860070	11.514675	f	2025-10-13 00:31:06.268848+00	2025-10-13 00:31:06.268956+00	6
5	uhiljll	rtdtdyyftfyu	fftuyu	3.860070	11.514675	f	2025-10-13 00:34:12.898274+00	2025-10-13 00:34:12.898401+00	6
6	ygyugy	rettddtrdy	ezrsdfxfg	3.860070	11.514675	f	2025-10-13 00:49:19.758635+00	2025-10-13 00:49:19.758855+00	6
7	hdidie	isjdjsdjsidosdoksokdsodosodksodjiiosdsdjsjodjisojids	hsdusihisdoisjocsi	3.860070	11.514675	f	2025-10-13 14:39:53.690127+00	2025-10-13 14:39:53.690262+00	6
8	euzezueizuez	jizjdijdijizjdizj	didijsidjisjdis	3.860070	11.514675	f	2025-10-13 14:41:17.080013+00	2025-10-13 14:41:17.080075+00	6
9	qsqsqs	sqsqsqsqs	qssd	3.860070	11.514675	f	2025-10-13 14:45:14.774319+00	2025-10-13 14:45:14.774418+00	6
10	azaza	sqsjiqjisiqs	qsqsqsqs	3.860070	11.514675	f	2025-10-13 15:32:54.975607+00	2025-10-13 15:32:54.975738+00	6
11	aaiiaisiisah	ijsiiisjsi	osoosioo	3.860070	11.514675	f	2025-10-13 15:36:07.313082+00	2025-10-13 15:36:07.313163+00	6
12	jsaisia	odosiosdsko	disoidosido	3.856794	11.511398	f	2025-10-13 15:38:44.751087+00	2025-10-13 15:38:44.75118+00	8
13	iioii	ipokpjiutyuffgjjkhkjlmkmi	ttgffkh	3.856794	11.511398	f	2025-10-13 15:42:16.302367+00	2025-10-13 15:42:16.302452+00	9
14	uijijijii	yyugy	fyuufyu	3.856794	11.511398	f	2025-10-13 15:42:57.080597+00	2025-10-13 15:42:57.080715+00	9
15	iijj	iytyyg	trtfg	3.856794	11.511398	f	2025-10-13 15:52:30.478901+00	2025-10-13 15:52:30.479036+00	7
16	sqsqsq	iuuoiokk	sezrdt	3.856794	11.511398	f	2025-10-13 15:52:51.556458+00	2025-10-13 15:52:51.556576+00	7
17	ahzauhza	iijsijdjsijd	oipoop	3.856794	11.511398	f	2025-10-13 15:59:50.824057+00	2025-10-13 15:59:50.824195+00	7
18	fygyg	yihkhhh	rertfyyg	3.856794	11.511398	f	2025-10-13 16:14:08.980521+00	2025-10-13 16:14:08.980576+00	7
19	Chaussures	Vente de chaussures de tous les genres	jsokdosdo	3.869901	11.531059	f	2025-10-13 18:26:39.620847+00	2025-10-13 18:26:39.621006+00	7
20	aeiz	disjsdoks	isdsidos	3.869901	11.531059	f	2025-10-13 19:19:54.921252+00	2025-10-13 19:19:54.921358+00	6
21	Biblio 2.0	Vente des ebooks, magazines et revues pour les sciences et le développement personnel	Eleveur, Essessalakok	3.869901	11.531059	f	2025-10-13 20:12:56.320791+00	2025-10-13 20:12:56.320852+00	10
22	Chez Abdoul	Venez vous ravitailler en produits africains en terme de vannerie, d'alimentation et bien d'autres	Eleveur	3.869901	11.531059	f	2025-10-14 14:07:38.92713+00	2025-10-14 14:07:38.92725+00	10
23	Epicerie	Venez vous ravitailler en produits de première nécessité	Eleveur	3.869901	11.531059	f	2025-10-14 20:05:19.716439+00	2025-10-14 20:05:19.716505+00	11
\.


--
-- Name: accounts_phoneotp_id_seq; Type: SEQUENCE SET; Schema: public; Owner: pimarket
--

SELECT pg_catalog.setval('public.accounts_phoneotp_id_seq', 5, true);


--
-- Name: accounts_user_groups_id_seq; Type: SEQUENCE SET; Schema: public; Owner: pimarket
--

SELECT pg_catalog.setval('public.accounts_user_groups_id_seq', 1, false);


--
-- Name: accounts_user_id_seq; Type: SEQUENCE SET; Schema: public; Owner: pimarket
--

SELECT pg_catalog.setval('public.accounts_user_id_seq', 11, true);


--
-- Name: accounts_user_user_permissions_id_seq; Type: SEQUENCE SET; Schema: public; Owner: pimarket
--

SELECT pg_catalog.setval('public.accounts_user_user_permissions_id_seq', 1, false);


--
-- Name: accounts_userlocation_id_seq; Type: SEQUENCE SET; Schema: public; Owner: pimarket
--

SELECT pg_catalog.setval('public.accounts_userlocation_id_seq', 1, false);


--
-- Name: auth_group_id_seq; Type: SEQUENCE SET; Schema: public; Owner: pimarket
--

SELECT pg_catalog.setval('public.auth_group_id_seq', 1, false);


--
-- Name: auth_group_permissions_id_seq; Type: SEQUENCE SET; Schema: public; Owner: pimarket
--

SELECT pg_catalog.setval('public.auth_group_permissions_id_seq', 1, false);


--
-- Name: auth_permission_id_seq; Type: SEQUENCE SET; Schema: public; Owner: pimarket
--

SELECT pg_catalog.setval('public.auth_permission_id_seq', 84, true);


--
-- Name: django_admin_log_id_seq; Type: SEQUENCE SET; Schema: public; Owner: pimarket
--

SELECT pg_catalog.setval('public.django_admin_log_id_seq', 24, true);


--
-- Name: django_content_type_id_seq; Type: SEQUENCE SET; Schema: public; Owner: pimarket
--

SELECT pg_catalog.setval('public.django_content_type_id_seq', 21, true);


--
-- Name: django_migrations_id_seq; Type: SEQUENCE SET; Schema: public; Owner: pimarket
--

SELECT pg_catalog.setval('public.django_migrations_id_seq', 24, true);


--
-- Name: messaging_conversation_id_seq; Type: SEQUENCE SET; Schema: public; Owner: pimarket
--

SELECT pg_catalog.setval('public.messaging_conversation_id_seq', 3, true);


--
-- Name: messaging_conversation_participants_id_seq; Type: SEQUENCE SET; Schema: public; Owner: pimarket
--

SELECT pg_catalog.setval('public.messaging_conversation_participants_id_seq', 6, true);


--
-- Name: messaging_message_id_seq; Type: SEQUENCE SET; Schema: public; Owner: pimarket
--

SELECT pg_catalog.setval('public.messaging_message_id_seq', 1, false);


--
-- Name: messaging_messagereadstatus_id_seq; Type: SEQUENCE SET; Schema: public; Owner: pimarket
--

SELECT pg_catalog.setval('public.messaging_messagereadstatus_id_seq', 1, false);


--
-- Name: payments_escrowtransaction_id_seq; Type: SEQUENCE SET; Schema: public; Owner: pimarket
--

SELECT pg_catalog.setval('public.payments_escrowtransaction_id_seq', 2, true);


--
-- Name: payments_payment_id_seq; Type: SEQUENCE SET; Schema: public; Owner: pimarket
--

SELECT pg_catalog.setval('public.payments_payment_id_seq', 5, true);


--
-- Name: shops_delivery_id_seq; Type: SEQUENCE SET; Schema: public; Owner: pimarket
--

SELECT pg_catalog.setval('public.shops_delivery_id_seq', 2, true);


--
-- Name: shops_dispute_id_seq; Type: SEQUENCE SET; Schema: public; Owner: pimarket
--

SELECT pg_catalog.setval('public.shops_dispute_id_seq', 1, false);


--
-- Name: shops_disputemessage_id_seq; Type: SEQUENCE SET; Schema: public; Owner: pimarket
--

SELECT pg_catalog.setval('public.shops_disputemessage_id_seq', 1, false);


--
-- Name: shops_order_id_seq; Type: SEQUENCE SET; Schema: public; Owner: pimarket
--

SELECT pg_catalog.setval('public.shops_order_id_seq', 5, true);


--
-- Name: shops_orderitem_id_seq; Type: SEQUENCE SET; Schema: public; Owner: pimarket
--

SELECT pg_catalog.setval('public.shops_orderitem_id_seq', 5, true);


--
-- Name: shops_product_id_seq; Type: SEQUENCE SET; Schema: public; Owner: pimarket
--

SELECT pg_catalog.setval('public.shops_product_id_seq', 17, true);


--
-- Name: shops_productcategory_id_seq; Type: SEQUENCE SET; Schema: public; Owner: pimarket
--

SELECT pg_catalog.setval('public.shops_productcategory_id_seq', 9, true);


--
-- Name: shops_shop_id_seq; Type: SEQUENCE SET; Schema: public; Owner: pimarket
--

SELECT pg_catalog.setval('public.shops_shop_id_seq', 23, true);


--
-- Name: accounts_phoneotp accounts_phoneotp_pkey; Type: CONSTRAINT; Schema: public; Owner: pimarket
--

ALTER TABLE ONLY public.accounts_phoneotp
    ADD CONSTRAINT accounts_phoneotp_pkey PRIMARY KEY (id);


--
-- Name: accounts_user_groups accounts_user_groups_pkey; Type: CONSTRAINT; Schema: public; Owner: pimarket
--

ALTER TABLE ONLY public.accounts_user_groups
    ADD CONSTRAINT accounts_user_groups_pkey PRIMARY KEY (id);


--
-- Name: accounts_user_groups accounts_user_groups_user_id_group_id_59c0b32f_uniq; Type: CONSTRAINT; Schema: public; Owner: pimarket
--

ALTER TABLE ONLY public.accounts_user_groups
    ADD CONSTRAINT accounts_user_groups_user_id_group_id_59c0b32f_uniq UNIQUE (user_id, group_id);


--
-- Name: accounts_user accounts_user_phone_number_key; Type: CONSTRAINT; Schema: public; Owner: pimarket
--

ALTER TABLE ONLY public.accounts_user
    ADD CONSTRAINT accounts_user_phone_number_key UNIQUE (phone_number);


--
-- Name: accounts_user accounts_user_pkey; Type: CONSTRAINT; Schema: public; Owner: pimarket
--

ALTER TABLE ONLY public.accounts_user
    ADD CONSTRAINT accounts_user_pkey PRIMARY KEY (id);


--
-- Name: accounts_user_user_permissions accounts_user_user_permi_user_id_permission_id_2ab516c2_uniq; Type: CONSTRAINT; Schema: public; Owner: pimarket
--

ALTER TABLE ONLY public.accounts_user_user_permissions
    ADD CONSTRAINT accounts_user_user_permi_user_id_permission_id_2ab516c2_uniq UNIQUE (user_id, permission_id);


--
-- Name: accounts_user_user_permissions accounts_user_user_permissions_pkey; Type: CONSTRAINT; Schema: public; Owner: pimarket
--

ALTER TABLE ONLY public.accounts_user_user_permissions
    ADD CONSTRAINT accounts_user_user_permissions_pkey PRIMARY KEY (id);


--
-- Name: accounts_userlocation accounts_userlocation_pkey; Type: CONSTRAINT; Schema: public; Owner: pimarket
--

ALTER TABLE ONLY public.accounts_userlocation
    ADD CONSTRAINT accounts_userlocation_pkey PRIMARY KEY (id);


--
-- Name: auth_group auth_group_name_key; Type: CONSTRAINT; Schema: public; Owner: pimarket
--

ALTER TABLE ONLY public.auth_group
    ADD CONSTRAINT auth_group_name_key UNIQUE (name);


--
-- Name: auth_group_permissions auth_group_permissions_group_id_permission_id_0cd325b0_uniq; Type: CONSTRAINT; Schema: public; Owner: pimarket
--

ALTER TABLE ONLY public.auth_group_permissions
    ADD CONSTRAINT auth_group_permissions_group_id_permission_id_0cd325b0_uniq UNIQUE (group_id, permission_id);


--
-- Name: auth_group_permissions auth_group_permissions_pkey; Type: CONSTRAINT; Schema: public; Owner: pimarket
--

ALTER TABLE ONLY public.auth_group_permissions
    ADD CONSTRAINT auth_group_permissions_pkey PRIMARY KEY (id);


--
-- Name: auth_group auth_group_pkey; Type: CONSTRAINT; Schema: public; Owner: pimarket
--

ALTER TABLE ONLY public.auth_group
    ADD CONSTRAINT auth_group_pkey PRIMARY KEY (id);


--
-- Name: auth_permission auth_permission_content_type_id_codename_01ab375a_uniq; Type: CONSTRAINT; Schema: public; Owner: pimarket
--

ALTER TABLE ONLY public.auth_permission
    ADD CONSTRAINT auth_permission_content_type_id_codename_01ab375a_uniq UNIQUE (content_type_id, codename);


--
-- Name: auth_permission auth_permission_pkey; Type: CONSTRAINT; Schema: public; Owner: pimarket
--

ALTER TABLE ONLY public.auth_permission
    ADD CONSTRAINT auth_permission_pkey PRIMARY KEY (id);


--
-- Name: django_admin_log django_admin_log_pkey; Type: CONSTRAINT; Schema: public; Owner: pimarket
--

ALTER TABLE ONLY public.django_admin_log
    ADD CONSTRAINT django_admin_log_pkey PRIMARY KEY (id);


--
-- Name: django_content_type django_content_type_app_label_model_76bd3d3b_uniq; Type: CONSTRAINT; Schema: public; Owner: pimarket
--

ALTER TABLE ONLY public.django_content_type
    ADD CONSTRAINT django_content_type_app_label_model_76bd3d3b_uniq UNIQUE (app_label, model);


--
-- Name: django_content_type django_content_type_pkey; Type: CONSTRAINT; Schema: public; Owner: pimarket
--

ALTER TABLE ONLY public.django_content_type
    ADD CONSTRAINT django_content_type_pkey PRIMARY KEY (id);


--
-- Name: django_migrations django_migrations_pkey; Type: CONSTRAINT; Schema: public; Owner: pimarket
--

ALTER TABLE ONLY public.django_migrations
    ADD CONSTRAINT django_migrations_pkey PRIMARY KEY (id);


--
-- Name: django_session django_session_pkey; Type: CONSTRAINT; Schema: public; Owner: pimarket
--

ALTER TABLE ONLY public.django_session
    ADD CONSTRAINT django_session_pkey PRIMARY KEY (session_key);


--
-- Name: messaging_conversation_participants messaging_conversation_p_conversation_id_user_id_74726b68_uniq; Type: CONSTRAINT; Schema: public; Owner: pimarket
--

ALTER TABLE ONLY public.messaging_conversation_participants
    ADD CONSTRAINT messaging_conversation_p_conversation_id_user_id_74726b68_uniq UNIQUE (conversation_id, user_id);


--
-- Name: messaging_conversation_participants messaging_conversation_participants_pkey; Type: CONSTRAINT; Schema: public; Owner: pimarket
--

ALTER TABLE ONLY public.messaging_conversation_participants
    ADD CONSTRAINT messaging_conversation_participants_pkey PRIMARY KEY (id);


--
-- Name: messaging_conversation messaging_conversation_pkey; Type: CONSTRAINT; Schema: public; Owner: pimarket
--

ALTER TABLE ONLY public.messaging_conversation
    ADD CONSTRAINT messaging_conversation_pkey PRIMARY KEY (id);


--
-- Name: messaging_message messaging_message_pkey; Type: CONSTRAINT; Schema: public; Owner: pimarket
--

ALTER TABLE ONLY public.messaging_message
    ADD CONSTRAINT messaging_message_pkey PRIMARY KEY (id);


--
-- Name: messaging_messagereadstatus messaging_messagereadstatus_message_id_user_id_6a5e3966_uniq; Type: CONSTRAINT; Schema: public; Owner: pimarket
--

ALTER TABLE ONLY public.messaging_messagereadstatus
    ADD CONSTRAINT messaging_messagereadstatus_message_id_user_id_6a5e3966_uniq UNIQUE (message_id, user_id);


--
-- Name: messaging_messagereadstatus messaging_messagereadstatus_pkey; Type: CONSTRAINT; Schema: public; Owner: pimarket
--

ALTER TABLE ONLY public.messaging_messagereadstatus
    ADD CONSTRAINT messaging_messagereadstatus_pkey PRIMARY KEY (id);


--
-- Name: payments_escrowtransaction payments_escrowtransaction_payment_id_key; Type: CONSTRAINT; Schema: public; Owner: pimarket
--

ALTER TABLE ONLY public.payments_escrowtransaction
    ADD CONSTRAINT payments_escrowtransaction_payment_id_key UNIQUE (payment_id);


--
-- Name: payments_escrowtransaction payments_escrowtransaction_pkey; Type: CONSTRAINT; Schema: public; Owner: pimarket
--

ALTER TABLE ONLY public.payments_escrowtransaction
    ADD CONSTRAINT payments_escrowtransaction_pkey PRIMARY KEY (id);


--
-- Name: payments_payment payments_payment_pkey; Type: CONSTRAINT; Schema: public; Owner: pimarket
--

ALTER TABLE ONLY public.payments_payment
    ADD CONSTRAINT payments_payment_pkey PRIMARY KEY (id);


--
-- Name: shops_delivery shops_delivery_order_id_key; Type: CONSTRAINT; Schema: public; Owner: pimarket
--

ALTER TABLE ONLY public.shops_delivery
    ADD CONSTRAINT shops_delivery_order_id_key UNIQUE (order_id);


--
-- Name: shops_delivery shops_delivery_pkey; Type: CONSTRAINT; Schema: public; Owner: pimarket
--

ALTER TABLE ONLY public.shops_delivery
    ADD CONSTRAINT shops_delivery_pkey PRIMARY KEY (id);


--
-- Name: shops_dispute shops_dispute_order_id_key; Type: CONSTRAINT; Schema: public; Owner: pimarket
--

ALTER TABLE ONLY public.shops_dispute
    ADD CONSTRAINT shops_dispute_order_id_key UNIQUE (order_id);


--
-- Name: shops_dispute shops_dispute_pkey; Type: CONSTRAINT; Schema: public; Owner: pimarket
--

ALTER TABLE ONLY public.shops_dispute
    ADD CONSTRAINT shops_dispute_pkey PRIMARY KEY (id);


--
-- Name: shops_disputemessage shops_disputemessage_pkey; Type: CONSTRAINT; Schema: public; Owner: pimarket
--

ALTER TABLE ONLY public.shops_disputemessage
    ADD CONSTRAINT shops_disputemessage_pkey PRIMARY KEY (id);


--
-- Name: shops_order shops_order_order_number_key; Type: CONSTRAINT; Schema: public; Owner: pimarket
--

ALTER TABLE ONLY public.shops_order
    ADD CONSTRAINT shops_order_order_number_key UNIQUE (order_number);


--
-- Name: shops_order shops_order_pkey; Type: CONSTRAINT; Schema: public; Owner: pimarket
--

ALTER TABLE ONLY public.shops_order
    ADD CONSTRAINT shops_order_pkey PRIMARY KEY (id);


--
-- Name: shops_orderitem shops_orderitem_pkey; Type: CONSTRAINT; Schema: public; Owner: pimarket
--

ALTER TABLE ONLY public.shops_orderitem
    ADD CONSTRAINT shops_orderitem_pkey PRIMARY KEY (id);


--
-- Name: shops_product shops_product_pkey; Type: CONSTRAINT; Schema: public; Owner: pimarket
--

ALTER TABLE ONLY public.shops_product
    ADD CONSTRAINT shops_product_pkey PRIMARY KEY (id);


--
-- Name: shops_productcategory shops_productcategory_name_key; Type: CONSTRAINT; Schema: public; Owner: pimarket
--

ALTER TABLE ONLY public.shops_productcategory
    ADD CONSTRAINT shops_productcategory_name_key UNIQUE (name);


--
-- Name: shops_productcategory shops_productcategory_pkey; Type: CONSTRAINT; Schema: public; Owner: pimarket
--

ALTER TABLE ONLY public.shops_productcategory
    ADD CONSTRAINT shops_productcategory_pkey PRIMARY KEY (id);


--
-- Name: shops_productcategory shops_productcategory_slug_key; Type: CONSTRAINT; Schema: public; Owner: pimarket
--

ALTER TABLE ONLY public.shops_productcategory
    ADD CONSTRAINT shops_productcategory_slug_key UNIQUE (slug);


--
-- Name: shops_shop shops_shop_pkey; Type: CONSTRAINT; Schema: public; Owner: pimarket
--

ALTER TABLE ONLY public.shops_shop
    ADD CONSTRAINT shops_shop_pkey PRIMARY KEY (id);


--
-- Name: accounts_phoneotp_phone_number_5521de31; Type: INDEX; Schema: public; Owner: pimarket
--

CREATE INDEX accounts_phoneotp_phone_number_5521de31 ON public.accounts_phoneotp USING btree (phone_number);


--
-- Name: accounts_phoneotp_phone_number_5521de31_like; Type: INDEX; Schema: public; Owner: pimarket
--

CREATE INDEX accounts_phoneotp_phone_number_5521de31_like ON public.accounts_phoneotp USING btree (phone_number varchar_pattern_ops);


--
-- Name: accounts_user_groups_group_id_bd11a704; Type: INDEX; Schema: public; Owner: pimarket
--

CREATE INDEX accounts_user_groups_group_id_bd11a704 ON public.accounts_user_groups USING btree (group_id);


--
-- Name: accounts_user_groups_user_id_52b62117; Type: INDEX; Schema: public; Owner: pimarket
--

CREATE INDEX accounts_user_groups_user_id_52b62117 ON public.accounts_user_groups USING btree (user_id);


--
-- Name: accounts_user_phone_number_af3e1068_like; Type: INDEX; Schema: public; Owner: pimarket
--

CREATE INDEX accounts_user_phone_number_af3e1068_like ON public.accounts_user USING btree (phone_number varchar_pattern_ops);


--
-- Name: accounts_user_user_permissions_permission_id_113bb443; Type: INDEX; Schema: public; Owner: pimarket
--

CREATE INDEX accounts_user_user_permissions_permission_id_113bb443 ON public.accounts_user_user_permissions USING btree (permission_id);


--
-- Name: accounts_user_user_permissions_user_id_e4f0a161; Type: INDEX; Schema: public; Owner: pimarket
--

CREATE INDEX accounts_user_user_permissions_user_id_e4f0a161 ON public.accounts_user_user_permissions USING btree (user_id);


--
-- Name: accounts_userlocation_user_id_66f94a3f; Type: INDEX; Schema: public; Owner: pimarket
--

CREATE INDEX accounts_userlocation_user_id_66f94a3f ON public.accounts_userlocation USING btree (user_id);


--
-- Name: auth_group_name_a6ea08ec_like; Type: INDEX; Schema: public; Owner: pimarket
--

CREATE INDEX auth_group_name_a6ea08ec_like ON public.auth_group USING btree (name varchar_pattern_ops);


--
-- Name: auth_group_permissions_group_id_b120cbf9; Type: INDEX; Schema: public; Owner: pimarket
--

CREATE INDEX auth_group_permissions_group_id_b120cbf9 ON public.auth_group_permissions USING btree (group_id);


--
-- Name: auth_group_permissions_permission_id_84c5c92e; Type: INDEX; Schema: public; Owner: pimarket
--

CREATE INDEX auth_group_permissions_permission_id_84c5c92e ON public.auth_group_permissions USING btree (permission_id);


--
-- Name: auth_permission_content_type_id_2f476e4b; Type: INDEX; Schema: public; Owner: pimarket
--

CREATE INDEX auth_permission_content_type_id_2f476e4b ON public.auth_permission USING btree (content_type_id);


--
-- Name: django_admin_log_content_type_id_c4bce8eb; Type: INDEX; Schema: public; Owner: pimarket
--

CREATE INDEX django_admin_log_content_type_id_c4bce8eb ON public.django_admin_log USING btree (content_type_id);


--
-- Name: django_admin_log_user_id_c564eba6; Type: INDEX; Schema: public; Owner: pimarket
--

CREATE INDEX django_admin_log_user_id_c564eba6 ON public.django_admin_log USING btree (user_id);


--
-- Name: django_session_expire_date_a5c62663; Type: INDEX; Schema: public; Owner: pimarket
--

CREATE INDEX django_session_expire_date_a5c62663 ON public.django_session USING btree (expire_date);


--
-- Name: django_session_session_key_c0390e0f_like; Type: INDEX; Schema: public; Owner: pimarket
--

CREATE INDEX django_session_session_key_c0390e0f_like ON public.django_session USING btree (session_key varchar_pattern_ops);


--
-- Name: messaging_conversation_participants_conversation_id_890e9e37; Type: INDEX; Schema: public; Owner: pimarket
--

CREATE INDEX messaging_conversation_participants_conversation_id_890e9e37 ON public.messaging_conversation_participants USING btree (conversation_id);


--
-- Name: messaging_conversation_participants_user_id_d4f41769; Type: INDEX; Schema: public; Owner: pimarket
--

CREATE INDEX messaging_conversation_participants_user_id_d4f41769 ON public.messaging_conversation_participants USING btree (user_id);


--
-- Name: messaging_conversation_product_id_c316d570; Type: INDEX; Schema: public; Owner: pimarket
--

CREATE INDEX messaging_conversation_product_id_c316d570 ON public.messaging_conversation USING btree (product_id);


--
-- Name: messaging_message_conversation_id_3db4d3d1; Type: INDEX; Schema: public; Owner: pimarket
--

CREATE INDEX messaging_message_conversation_id_3db4d3d1 ON public.messaging_message USING btree (conversation_id);


--
-- Name: messaging_message_sender_id_7a7088e6; Type: INDEX; Schema: public; Owner: pimarket
--

CREATE INDEX messaging_message_sender_id_7a7088e6 ON public.messaging_message USING btree (sender_id);


--
-- Name: messaging_messagereadstatus_message_id_f4192ee4; Type: INDEX; Schema: public; Owner: pimarket
--

CREATE INDEX messaging_messagereadstatus_message_id_f4192ee4 ON public.messaging_messagereadstatus USING btree (message_id);


--
-- Name: messaging_messagereadstatus_user_id_ebfdbf21; Type: INDEX; Schema: public; Owner: pimarket
--

CREATE INDEX messaging_messagereadstatus_user_id_ebfdbf21 ON public.messaging_messagereadstatus USING btree (user_id);


--
-- Name: payments_pa_order_i_a76289_idx; Type: INDEX; Schema: public; Owner: pimarket
--

CREATE INDEX payments_pa_order_i_a76289_idx ON public.payments_payment USING btree (order_id, status);


--
-- Name: payments_pa_provide_3e1786_idx; Type: INDEX; Schema: public; Owner: pimarket
--

CREATE INDEX payments_pa_provide_3e1786_idx ON public.payments_payment USING btree (provider, provider_payment_id);


--
-- Name: payments_payment_order_id_22c479b7; Type: INDEX; Schema: public; Owner: pimarket
--

CREATE INDEX payments_payment_order_id_22c479b7 ON public.payments_payment USING btree (order_id);


--
-- Name: payments_payment_provider_payment_id_6e8e6ad7; Type: INDEX; Schema: public; Owner: pimarket
--

CREATE INDEX payments_payment_provider_payment_id_6e8e6ad7 ON public.payments_payment USING btree (provider_payment_id);


--
-- Name: payments_payment_provider_payment_id_6e8e6ad7_like; Type: INDEX; Schema: public; Owner: pimarket
--

CREATE INDEX payments_payment_provider_payment_id_6e8e6ad7_like ON public.payments_payment USING btree (provider_payment_id varchar_pattern_ops);


--
-- Name: payments_payment_status_fc8cbda2; Type: INDEX; Schema: public; Owner: pimarket
--

CREATE INDEX payments_payment_status_fc8cbda2 ON public.payments_payment USING btree (status);


--
-- Name: payments_payment_status_fc8cbda2_like; Type: INDEX; Schema: public; Owner: pimarket
--

CREATE INDEX payments_payment_status_fc8cbda2_like ON public.payments_payment USING btree (status varchar_pattern_ops);


--
-- Name: shops_dispute_raised_by_id_926412e4; Type: INDEX; Schema: public; Owner: pimarket
--

CREATE INDEX shops_dispute_raised_by_id_926412e4 ON public.shops_dispute USING btree (raised_by_id);


--
-- Name: shops_disputemessage_dispute_id_b7724219; Type: INDEX; Schema: public; Owner: pimarket
--

CREATE INDEX shops_disputemessage_dispute_id_b7724219 ON public.shops_disputemessage USING btree (dispute_id);


--
-- Name: shops_disputemessage_sender_id_a586acbe; Type: INDEX; Schema: public; Owner: pimarket
--

CREATE INDEX shops_disputemessage_sender_id_a586acbe ON public.shops_disputemessage USING btree (sender_id);


--
-- Name: shops_order_buyer_i_70438f_idx; Type: INDEX; Schema: public; Owner: pimarket
--

CREATE INDEX shops_order_buyer_i_70438f_idx ON public.shops_order USING btree (buyer_id, status);


--
-- Name: shops_order_buyer_id_84e935ea; Type: INDEX; Schema: public; Owner: pimarket
--

CREATE INDEX shops_order_buyer_id_84e935ea ON public.shops_order USING btree (buyer_id);


--
-- Name: shops_order_order_number_a2d3923e_like; Type: INDEX; Schema: public; Owner: pimarket
--

CREATE INDEX shops_order_order_number_a2d3923e_like ON public.shops_order USING btree (order_number varchar_pattern_ops);


--
-- Name: shops_order_shop_id_499f73_idx; Type: INDEX; Schema: public; Owner: pimarket
--

CREATE INDEX shops_order_shop_id_499f73_idx ON public.shops_order USING btree (shop_id, status);


--
-- Name: shops_order_shop_id_fcf59d7f; Type: INDEX; Schema: public; Owner: pimarket
--

CREATE INDEX shops_order_shop_id_fcf59d7f ON public.shops_order USING btree (shop_id);


--
-- Name: shops_order_status_adc74cd1; Type: INDEX; Schema: public; Owner: pimarket
--

CREATE INDEX shops_order_status_adc74cd1 ON public.shops_order USING btree (status);


--
-- Name: shops_order_status_adc74cd1_like; Type: INDEX; Schema: public; Owner: pimarket
--

CREATE INDEX shops_order_status_adc74cd1_like ON public.shops_order USING btree (status varchar_pattern_ops);


--
-- Name: shops_orderitem_order_id_d23fdad5; Type: INDEX; Schema: public; Owner: pimarket
--

CREATE INDEX shops_orderitem_order_id_d23fdad5 ON public.shops_orderitem USING btree (order_id);


--
-- Name: shops_orderitem_product_id_285e7118; Type: INDEX; Schema: public; Owner: pimarket
--

CREATE INDEX shops_orderitem_product_id_285e7118 ON public.shops_orderitem USING btree (product_id);


--
-- Name: shops_produ_categor_0a9b03_idx; Type: INDEX; Schema: public; Owner: pimarket
--

CREATE INDEX shops_produ_categor_0a9b03_idx ON public.shops_product USING btree (category_id);


--
-- Name: shops_produ_shop_id_e79730_idx; Type: INDEX; Schema: public; Owner: pimarket
--

CREATE INDEX shops_produ_shop_id_e79730_idx ON public.shops_product USING btree (shop_id, is_active);


--
-- Name: shops_product_category_id_75a38fc1; Type: INDEX; Schema: public; Owner: pimarket
--

CREATE INDEX shops_product_category_id_75a38fc1 ON public.shops_product USING btree (category_id);


--
-- Name: shops_product_shop_id_b4feef5b; Type: INDEX; Schema: public; Owner: pimarket
--

CREATE INDEX shops_product_shop_id_b4feef5b ON public.shops_product USING btree (shop_id);


--
-- Name: shops_productcategory_name_38e48f60_like; Type: INDEX; Schema: public; Owner: pimarket
--

CREATE INDEX shops_productcategory_name_38e48f60_like ON public.shops_productcategory USING btree (name varchar_pattern_ops);


--
-- Name: shops_productcategory_slug_a503f48e_like; Type: INDEX; Schema: public; Owner: pimarket
--

CREATE INDEX shops_productcategory_slug_a503f48e_like ON public.shops_productcategory USING btree (slug varchar_pattern_ops);


--
-- Name: shops_shop_owner_id_9a9c8ee7; Type: INDEX; Schema: public; Owner: pimarket
--

CREATE INDEX shops_shop_owner_id_9a9c8ee7 ON public.shops_shop USING btree (owner_id);


--
-- Name: accounts_user_groups accounts_user_groups_group_id_bd11a704_fk_auth_group_id; Type: FK CONSTRAINT; Schema: public; Owner: pimarket
--

ALTER TABLE ONLY public.accounts_user_groups
    ADD CONSTRAINT accounts_user_groups_group_id_bd11a704_fk_auth_group_id FOREIGN KEY (group_id) REFERENCES public.auth_group(id) DEFERRABLE INITIALLY DEFERRED;


--
-- Name: accounts_user_groups accounts_user_groups_user_id_52b62117_fk_accounts_user_id; Type: FK CONSTRAINT; Schema: public; Owner: pimarket
--

ALTER TABLE ONLY public.accounts_user_groups
    ADD CONSTRAINT accounts_user_groups_user_id_52b62117_fk_accounts_user_id FOREIGN KEY (user_id) REFERENCES public.accounts_user(id) DEFERRABLE INITIALLY DEFERRED;


--
-- Name: accounts_user_user_permissions accounts_user_user_p_permission_id_113bb443_fk_auth_perm; Type: FK CONSTRAINT; Schema: public; Owner: pimarket
--

ALTER TABLE ONLY public.accounts_user_user_permissions
    ADD CONSTRAINT accounts_user_user_p_permission_id_113bb443_fk_auth_perm FOREIGN KEY (permission_id) REFERENCES public.auth_permission(id) DEFERRABLE INITIALLY DEFERRED;


--
-- Name: accounts_user_user_permissions accounts_user_user_p_user_id_e4f0a161_fk_accounts_; Type: FK CONSTRAINT; Schema: public; Owner: pimarket
--

ALTER TABLE ONLY public.accounts_user_user_permissions
    ADD CONSTRAINT accounts_user_user_p_user_id_e4f0a161_fk_accounts_ FOREIGN KEY (user_id) REFERENCES public.accounts_user(id) DEFERRABLE INITIALLY DEFERRED;


--
-- Name: accounts_userlocation accounts_userlocation_user_id_66f94a3f_fk_accounts_user_id; Type: FK CONSTRAINT; Schema: public; Owner: pimarket
--

ALTER TABLE ONLY public.accounts_userlocation
    ADD CONSTRAINT accounts_userlocation_user_id_66f94a3f_fk_accounts_user_id FOREIGN KEY (user_id) REFERENCES public.accounts_user(id) DEFERRABLE INITIALLY DEFERRED;


--
-- Name: auth_group_permissions auth_group_permissio_permission_id_84c5c92e_fk_auth_perm; Type: FK CONSTRAINT; Schema: public; Owner: pimarket
--

ALTER TABLE ONLY public.auth_group_permissions
    ADD CONSTRAINT auth_group_permissio_permission_id_84c5c92e_fk_auth_perm FOREIGN KEY (permission_id) REFERENCES public.auth_permission(id) DEFERRABLE INITIALLY DEFERRED;


--
-- Name: auth_group_permissions auth_group_permissions_group_id_b120cbf9_fk_auth_group_id; Type: FK CONSTRAINT; Schema: public; Owner: pimarket
--

ALTER TABLE ONLY public.auth_group_permissions
    ADD CONSTRAINT auth_group_permissions_group_id_b120cbf9_fk_auth_group_id FOREIGN KEY (group_id) REFERENCES public.auth_group(id) DEFERRABLE INITIALLY DEFERRED;


--
-- Name: auth_permission auth_permission_content_type_id_2f476e4b_fk_django_co; Type: FK CONSTRAINT; Schema: public; Owner: pimarket
--

ALTER TABLE ONLY public.auth_permission
    ADD CONSTRAINT auth_permission_content_type_id_2f476e4b_fk_django_co FOREIGN KEY (content_type_id) REFERENCES public.django_content_type(id) DEFERRABLE INITIALLY DEFERRED;


--
-- Name: django_admin_log django_admin_log_content_type_id_c4bce8eb_fk_django_co; Type: FK CONSTRAINT; Schema: public; Owner: pimarket
--

ALTER TABLE ONLY public.django_admin_log
    ADD CONSTRAINT django_admin_log_content_type_id_c4bce8eb_fk_django_co FOREIGN KEY (content_type_id) REFERENCES public.django_content_type(id) DEFERRABLE INITIALLY DEFERRED;


--
-- Name: django_admin_log django_admin_log_user_id_c564eba6_fk_accounts_user_id; Type: FK CONSTRAINT; Schema: public; Owner: pimarket
--

ALTER TABLE ONLY public.django_admin_log
    ADD CONSTRAINT django_admin_log_user_id_c564eba6_fk_accounts_user_id FOREIGN KEY (user_id) REFERENCES public.accounts_user(id) DEFERRABLE INITIALLY DEFERRED;


--
-- Name: messaging_conversation_participants messaging_conversati_conversation_id_890e9e37_fk_messaging; Type: FK CONSTRAINT; Schema: public; Owner: pimarket
--

ALTER TABLE ONLY public.messaging_conversation_participants
    ADD CONSTRAINT messaging_conversati_conversation_id_890e9e37_fk_messaging FOREIGN KEY (conversation_id) REFERENCES public.messaging_conversation(id) DEFERRABLE INITIALLY DEFERRED;


--
-- Name: messaging_conversation_participants messaging_conversati_user_id_d4f41769_fk_accounts_; Type: FK CONSTRAINT; Schema: public; Owner: pimarket
--

ALTER TABLE ONLY public.messaging_conversation_participants
    ADD CONSTRAINT messaging_conversati_user_id_d4f41769_fk_accounts_ FOREIGN KEY (user_id) REFERENCES public.accounts_user(id) DEFERRABLE INITIALLY DEFERRED;


--
-- Name: messaging_conversation messaging_conversation_product_id_c316d570_fk_shops_product_id; Type: FK CONSTRAINT; Schema: public; Owner: pimarket
--

ALTER TABLE ONLY public.messaging_conversation
    ADD CONSTRAINT messaging_conversation_product_id_c316d570_fk_shops_product_id FOREIGN KEY (product_id) REFERENCES public.shops_product(id) DEFERRABLE INITIALLY DEFERRED;


--
-- Name: messaging_message messaging_message_conversation_id_3db4d3d1_fk_messaging; Type: FK CONSTRAINT; Schema: public; Owner: pimarket
--

ALTER TABLE ONLY public.messaging_message
    ADD CONSTRAINT messaging_message_conversation_id_3db4d3d1_fk_messaging FOREIGN KEY (conversation_id) REFERENCES public.messaging_conversation(id) DEFERRABLE INITIALLY DEFERRED;


--
-- Name: messaging_message messaging_message_sender_id_7a7088e6_fk_accounts_user_id; Type: FK CONSTRAINT; Schema: public; Owner: pimarket
--

ALTER TABLE ONLY public.messaging_message
    ADD CONSTRAINT messaging_message_sender_id_7a7088e6_fk_accounts_user_id FOREIGN KEY (sender_id) REFERENCES public.accounts_user(id) DEFERRABLE INITIALLY DEFERRED;


--
-- Name: messaging_messagereadstatus messaging_messagerea_message_id_f4192ee4_fk_messaging; Type: FK CONSTRAINT; Schema: public; Owner: pimarket
--

ALTER TABLE ONLY public.messaging_messagereadstatus
    ADD CONSTRAINT messaging_messagerea_message_id_f4192ee4_fk_messaging FOREIGN KEY (message_id) REFERENCES public.messaging_message(id) DEFERRABLE INITIALLY DEFERRED;


--
-- Name: messaging_messagereadstatus messaging_messagerea_user_id_ebfdbf21_fk_accounts_; Type: FK CONSTRAINT; Schema: public; Owner: pimarket
--

ALTER TABLE ONLY public.messaging_messagereadstatus
    ADD CONSTRAINT messaging_messagerea_user_id_ebfdbf21_fk_accounts_ FOREIGN KEY (user_id) REFERENCES public.accounts_user(id) DEFERRABLE INITIALLY DEFERRED;


--
-- Name: payments_escrowtransaction payments_escrowtrans_payment_id_4ade8c79_fk_payments_; Type: FK CONSTRAINT; Schema: public; Owner: pimarket
--

ALTER TABLE ONLY public.payments_escrowtransaction
    ADD CONSTRAINT payments_escrowtrans_payment_id_4ade8c79_fk_payments_ FOREIGN KEY (payment_id) REFERENCES public.payments_payment(id) DEFERRABLE INITIALLY DEFERRED;


--
-- Name: payments_payment payments_payment_order_id_22c479b7_fk_shops_order_id; Type: FK CONSTRAINT; Schema: public; Owner: pimarket
--

ALTER TABLE ONLY public.payments_payment
    ADD CONSTRAINT payments_payment_order_id_22c479b7_fk_shops_order_id FOREIGN KEY (order_id) REFERENCES public.shops_order(id) DEFERRABLE INITIALLY DEFERRED;


--
-- Name: shops_delivery shops_delivery_order_id_4881eb45_fk_shops_order_id; Type: FK CONSTRAINT; Schema: public; Owner: pimarket
--

ALTER TABLE ONLY public.shops_delivery
    ADD CONSTRAINT shops_delivery_order_id_4881eb45_fk_shops_order_id FOREIGN KEY (order_id) REFERENCES public.shops_order(id) DEFERRABLE INITIALLY DEFERRED;


--
-- Name: shops_dispute shops_dispute_order_id_b3eb1a01_fk_shops_order_id; Type: FK CONSTRAINT; Schema: public; Owner: pimarket
--

ALTER TABLE ONLY public.shops_dispute
    ADD CONSTRAINT shops_dispute_order_id_b3eb1a01_fk_shops_order_id FOREIGN KEY (order_id) REFERENCES public.shops_order(id) DEFERRABLE INITIALLY DEFERRED;


--
-- Name: shops_dispute shops_dispute_raised_by_id_926412e4_fk_accounts_user_id; Type: FK CONSTRAINT; Schema: public; Owner: pimarket
--

ALTER TABLE ONLY public.shops_dispute
    ADD CONSTRAINT shops_dispute_raised_by_id_926412e4_fk_accounts_user_id FOREIGN KEY (raised_by_id) REFERENCES public.accounts_user(id) DEFERRABLE INITIALLY DEFERRED;


--
-- Name: shops_disputemessage shops_disputemessage_dispute_id_b7724219_fk_shops_dispute_id; Type: FK CONSTRAINT; Schema: public; Owner: pimarket
--

ALTER TABLE ONLY public.shops_disputemessage
    ADD CONSTRAINT shops_disputemessage_dispute_id_b7724219_fk_shops_dispute_id FOREIGN KEY (dispute_id) REFERENCES public.shops_dispute(id) DEFERRABLE INITIALLY DEFERRED;


--
-- Name: shops_disputemessage shops_disputemessage_sender_id_a586acbe_fk_accounts_user_id; Type: FK CONSTRAINT; Schema: public; Owner: pimarket
--

ALTER TABLE ONLY public.shops_disputemessage
    ADD CONSTRAINT shops_disputemessage_sender_id_a586acbe_fk_accounts_user_id FOREIGN KEY (sender_id) REFERENCES public.accounts_user(id) DEFERRABLE INITIALLY DEFERRED;


--
-- Name: shops_order shops_order_buyer_id_84e935ea_fk_accounts_user_id; Type: FK CONSTRAINT; Schema: public; Owner: pimarket
--

ALTER TABLE ONLY public.shops_order
    ADD CONSTRAINT shops_order_buyer_id_84e935ea_fk_accounts_user_id FOREIGN KEY (buyer_id) REFERENCES public.accounts_user(id) DEFERRABLE INITIALLY DEFERRED;


--
-- Name: shops_order shops_order_shop_id_fcf59d7f_fk_shops_shop_id; Type: FK CONSTRAINT; Schema: public; Owner: pimarket
--

ALTER TABLE ONLY public.shops_order
    ADD CONSTRAINT shops_order_shop_id_fcf59d7f_fk_shops_shop_id FOREIGN KEY (shop_id) REFERENCES public.shops_shop(id) DEFERRABLE INITIALLY DEFERRED;


--
-- Name: shops_orderitem shops_orderitem_order_id_d23fdad5_fk_shops_order_id; Type: FK CONSTRAINT; Schema: public; Owner: pimarket
--

ALTER TABLE ONLY public.shops_orderitem
    ADD CONSTRAINT shops_orderitem_order_id_d23fdad5_fk_shops_order_id FOREIGN KEY (order_id) REFERENCES public.shops_order(id) DEFERRABLE INITIALLY DEFERRED;


--
-- Name: shops_orderitem shops_orderitem_product_id_285e7118_fk_shops_product_id; Type: FK CONSTRAINT; Schema: public; Owner: pimarket
--

ALTER TABLE ONLY public.shops_orderitem
    ADD CONSTRAINT shops_orderitem_product_id_285e7118_fk_shops_product_id FOREIGN KEY (product_id) REFERENCES public.shops_product(id) DEFERRABLE INITIALLY DEFERRED;


--
-- Name: shops_product shops_product_category_id_75a38fc1_fk_shops_productcategory_id; Type: FK CONSTRAINT; Schema: public; Owner: pimarket
--

ALTER TABLE ONLY public.shops_product
    ADD CONSTRAINT shops_product_category_id_75a38fc1_fk_shops_productcategory_id FOREIGN KEY (category_id) REFERENCES public.shops_productcategory(id) DEFERRABLE INITIALLY DEFERRED;


--
-- Name: shops_product shops_product_shop_id_b4feef5b_fk_shops_shop_id; Type: FK CONSTRAINT; Schema: public; Owner: pimarket
--

ALTER TABLE ONLY public.shops_product
    ADD CONSTRAINT shops_product_shop_id_b4feef5b_fk_shops_shop_id FOREIGN KEY (shop_id) REFERENCES public.shops_shop(id) DEFERRABLE INITIALLY DEFERRED;


--
-- Name: shops_shop shops_shop_owner_id_9a9c8ee7_fk_accounts_user_id; Type: FK CONSTRAINT; Schema: public; Owner: pimarket
--

ALTER TABLE ONLY public.shops_shop
    ADD CONSTRAINT shops_shop_owner_id_9a9c8ee7_fk_accounts_user_id FOREIGN KEY (owner_id) REFERENCES public.accounts_user(id) DEFERRABLE INITIALLY DEFERRED;


--
-- PostgreSQL database dump complete
--

\unrestrict StBKcksXTuGmxcK5cxMbeyakdlLChAPOc98P2cjCI9jX7VYEBPYUhgIyISm4P3w

